Section,What It Covers
**Overview**,"Business identity, contact info, location, ratings"
**Founder**,"Dave Richardson's background, credentials, mission"
**Core Services**,"Web design, SEO, branding, custom software/AI"
**Pricing Packages**,All 4 tiers with exact specs and pricing
**Industry Specializations**,The 8 industries you focus on
**Process**,"Your 3-step ""No Red Tape"" workflow"
**Why Choose Us**,Your competitive differentiators
**Core Values**,"Value, Integrity, Trust"
**Testimonials**,Michelle Bryan & Ryan Jones quotes
**Blog/Content**,Topics you write about
**Technical Approach**,"Hand-coded, mobile-first, SEO-first"
**Contact**,All ways to reach you + service area
**Legal**,Privacy policy & terms of service highlights
**Brand Voice**,Key phrases and tone
**Differentiators**,What sets you apart from competitors